table,currency,code,no,effectiveDate,mid
A,euro,EUR,H-20260101-EUR,2026-01-01,4.2845
A,dolar amerykanski,USD,H-20260101-USD,2026-01-01,3.9765
A,funt brytyjski,GBP,H-20260101-GBP,2026-01-01,4.9805
A,euro,EUR,H-20260102-EUR,2026-01-02,4.2551
A,dolar amerykanski,USD,H-20260102-USD,2026-01-02,3.8213
A,funt brytyjski,GBP,H-20260102-GBP,2026-01-02,5.1209
A,euro,EUR,H-20260103-EUR,2026-01-03,4.2572
A,dolar amerykanski,USD,H-20260103-USD,2026-01-03,4.0716
A,funt brytyjski,GBP,H-20260103-GBP,2026-01-03,5.2009
A,euro,EUR,H-20260104-EUR,2026-01-04,4.2177
A,dolar amerykanski,USD,H-20260104-USD,2026-01-04,3.8714
A,funt brytyjski,GBP,H-20260104-GBP,2026-01-04,5.1341
A,euro,EUR,H-20260105-EUR,2026-01-05,4.2536
A,dolar amerykanski,USD,H-20260105-USD,2026-01-05,3.8397
A,funt brytyjski,GBP,H-20260105-GBP,2026-01-05,5.2274
A,euro,EUR,H-20260106-EUR,2026-01-06,4.3428
A,dolar amerykanski,USD,H-20260106-USD,2026-01-06,3.9418
A,funt brytyjski,GBP,H-20260106-GBP,2026-01-06,5.1746
A,euro,EUR,H-20260107-EUR,2026-01-07,4.4019
A,dolar amerykanski,USD,H-20260107-USD,2026-01-07,3.8571
A,funt brytyjski,GBP,H-20260107-GBP,2026-01-07,4.9339
A,euro,EUR,H-20260108-EUR,2026-01-08,4.3078
A,dolar amerykanski,USD,H-20260108-USD,2026-01-08,3.9271
A,funt brytyjski,GBP,H-20260108-GBP,2026-01-08,5.0635
A,euro,EUR,H-20260109-EUR,2026-01-09,4.3823
A,dolar amerykanski,USD,H-20260109-USD,2026-01-09,4.002
A,funt brytyjski,GBP,H-20260109-GBP,2026-01-09,5.2445
A,euro,EUR,H-20260110-EUR,2026-01-10,4.2246
A,dolar amerykanski,USD,H-20260110-USD,2026-01-10,3.9208
A,funt brytyjski,GBP,H-20260110-GBP,2026-01-10,5.0188
A,euro,EUR,H-20260111-EUR,2026-01-11,4.4154
A,dolar amerykanski,USD,H-20260111-USD,2026-01-11,3.8746
A,funt brytyjski,GBP,H-20260111-GBP,2026-01-11,4.9666
A,euro,EUR,H-20260112-EUR,2026-01-12,4.3122
A,dolar amerykanski,USD,H-20260112-USD,2026-01-12,3.9266
A,funt brytyjski,GBP,H-20260112-GBP,2026-01-12,4.9975
A,euro,EUR,H-20260113-EUR,2026-01-13,4.2625
A,dolar amerykanski,USD,H-20260113-USD,2026-01-13,4.077
A,funt brytyjski,GBP,H-20260113-GBP,2026-01-13,5.0551
A,euro,EUR,H-20260114-EUR,2026-01-14,4.4153
A,dolar amerykanski,USD,H-20260114-USD,2026-01-14,3.9651
A,funt brytyjski,GBP,H-20260114-GBP,2026-01-14,4.9177
A,euro,EUR,H-20260115-EUR,2026-01-15,4.4498
A,dolar amerykanski,USD,H-20260115-USD,2026-01-15,4.0508
A,funt brytyjski,GBP,H-20260115-GBP,2026-01-15,5.2391
A,euro,EUR,H-20260116-EUR,2026-01-16,4.4316
A,dolar amerykanski,USD,H-20260116-USD,2026-01-16,4.0546
A,funt brytyjski,GBP,H-20260116-GBP,2026-01-16,4.9582
A,euro,EUR,H-20260117-EUR,2026-01-17,4.3214
A,dolar amerykanski,USD,H-20260117-USD,2026-01-17,3.8641
A,funt brytyjski,GBP,H-20260117-GBP,2026-01-17,5.0404
A,euro,EUR,H-20260118-EUR,2026-01-18,4.2147
A,dolar amerykanski,USD,H-20260118-USD,2026-01-18,3.9137
A,funt brytyjski,GBP,H-20260118-GBP,2026-01-18,5.2449
A,euro,EUR,H-20260119-EUR,2026-01-19,4.2663
A,dolar amerykanski,USD,H-20260119-USD,2026-01-19,4.0352
A,funt brytyjski,GBP,H-20260119-GBP,2026-01-19,5.0593
A,euro,EUR,H-20260120-EUR,2026-01-20,4.3058
A,dolar amerykanski,USD,H-20260120-USD,2026-01-20,4.0872
A,funt brytyjski,GBP,H-20260120-GBP,2026-01-20,5.2484
A,euro,EUR,H-20260121-EUR,2026-01-21,4.3389
A,dolar amerykanski,USD,H-20260121-USD,2026-01-21,4.0155
A,funt brytyjski,GBP,H-20260121-GBP,2026-01-21,4.9542
A,euro,EUR,H-20260122-EUR,2026-01-22,4.2742
A,dolar amerykanski,USD,H-20260122-USD,2026-01-22,4.0906
A,funt brytyjski,GBP,H-20260122-GBP,2026-01-22,5.1027
A,euro,EUR,H-20260123-EUR,2026-01-23,4.3355
A,dolar amerykanski,USD,H-20260123-USD,2026-01-23,4.0244
A,funt brytyjski,GBP,H-20260123-GBP,2026-01-23,4.92
A,euro,EUR,H-20260124-EUR,2026-01-24,4.346
A,dolar amerykanski,USD,H-20260124-USD,2026-01-24,3.9509
A,funt brytyjski,GBP,H-20260124-GBP,2026-01-24,5.1985
A,euro,EUR,H-20260125-EUR,2026-01-25,4.2394
A,dolar amerykanski,USD,H-20260125-USD,2026-01-25,4.0882
A,funt brytyjski,GBP,H-20260125-GBP,2026-01-25,4.928
A,euro,EUR,H-20260126-EUR,2026-01-26,4.2465
A,dolar amerykanski,USD,H-20260126-USD,2026-01-26,3.9785
A,funt brytyjski,GBP,H-20260126-GBP,2026-01-26,5.1363
A,euro,EUR,H-20260127-EUR,2026-01-27,4.2588
A,dolar amerykanski,USD,H-20260127-USD,2026-01-27,3.836
A,funt brytyjski,GBP,H-20260127-GBP,2026-01-27,5.2116
A,euro,EUR,H-20260128-EUR,2026-01-28,4.2616
A,dolar amerykanski,USD,H-20260128-USD,2026-01-28,3.9784
A,funt brytyjski,GBP,H-20260128-GBP,2026-01-28,5.1168
A,euro,EUR,H-20260129-EUR,2026-01-29,4.3048
A,dolar amerykanski,USD,H-20260129-USD,2026-01-29,3.9751
A,funt brytyjski,GBP,H-20260129-GBP,2026-01-29,5.083
A,euro,EUR,H-20260130-EUR,2026-01-30,4.4337
A,dolar amerykanski,USD,H-20260130-USD,2026-01-30,3.8613
A,funt brytyjski,GBP,H-20260130-GBP,2026-01-30,5.1507
